,question,operation
0,Joan found 545 seashells on the beach . she gave Sam some of her seashells . She has 459 seashell . How many seashells did she give to Sam ?,Subtraction
1,There were 83 bales of hay in the barn . Tim stacked bales in the barn today . There are now 801 bales of hay in the barn . How many bales did he store in the barn ?,Subtraction
2,There were 126 roses in the vase . Mary cut some roses from her flower garden . There are now 227 roses in the vase . How many roses did she cut ?,Subtraction
3,Sam had 143 dimes in his bank . His dad gave him 577 dimes . How many dimes does Sam have now ?,Addition
4,Alyssa 's dog had puppies . She gave 782 to her friends . She now has 189 puppies . How many puppies did she have to start with ?,Addition
5,A restaurant served 108 pizzas during lunch and 459 during dinner today . How many pizzas were served today ?,Addition
6,Sandy grew 149 carrots . Sam grew 193 carrots . How many carrots did they grow in total ?,Addition
7,Benny picked 278 apples and Dan picked 535 apples from the apple tree . How many apples were picked in total ?,Addition
8,Sam found 152 seashells and Mary found 349 seashells on the beach . How many seashells did they find together ?,Addition
9,Sara picked 338 pears and Sally picked 865 pears from the pear tree . How many pears were picked in total ?,Addition
10,"Fred went to 915 basketball games this year , but missed 536 . He went to num games last year . How many basketball games did Fred go to in total ?",Addition
11,There are 932 pencils and 69 crayons in the drawer . Joan placed num pencils in the drawer . How many pencils are now there in total ?,Addition
12,Joan has 264 blue balloons Melanie has 73 blue balloons . How many blue balloons do they have in total ?,Addition
13,Mary found 889 seashells and Jessica found 306 seashells on the beach . How many seashells did they find together ?,Addition
14,A restaurant served 440 cakes during lunch and 658 during dinner today . How many cakes were served today ?,Addition
15,Mike has 802 baseball cards . Sam bought 148 of Mike 's baseball cards . How many baseball cards does Mike have now ?,Subtraction
16,There are 481 popular trees currently in the park . Park workers will plant 557 popular trees today . How many popular trees will the park have when the workers are finished ?,Addition
17,There are 838 scissors in the drawer . Keith placed 716 scissors in the drawer . How many scissors are now there in all ?,Addition
18,There are 682 walnut trees currently in the park . Park workers will plant 118 walnut trees today . How many walnut trees will the park have when the workers are finished ?,Addition
19,There are 974 pencils in the drawer . Sara placed 1 pencils in the drawer . How many pencils are now there in all ?,Addition
20,"Mike has 653 orange marbles , he gave Sam 685 of the marbles . How many orange marbles does he now have ?",Subtraction
21,"Sam grew 35 watermelons , but the rabbits ate 537 watermelons . How many watermelons does Sam have ?",Subtraction
22,Mary has 511 yellow marbles Joan has 394 yellow marbles . How many yellow marbles do they have in all ?,Addition
23,Mary had 604 potatoes in the garden . The rabbits ate 906 of the potatoes . How many potatoes does Mary now have ?,Subtraction
24,Jessica had 12 quarters in her bank . Her sister borrowed 304 of her quarters . How many quarters does Jessica have now ?,Subtraction
25,Dan picked 37 limes and gave Sara 589 of the limes . How many limes does Dan have now ?,Subtraction
26,"Fred found 841 seashells on the beach , he gave Jessica 944 of the seashells . How many seashells does he now have ?",Subtraction
27,There are 971 rulers in the drawer . Tim took 590 rulers from the drawer . How many rulers are now in the drawer ?,Subtraction
28,Sara got fast food for lunch . Sara spent $ 756 on a hotdog and $ 623 on a salad . What was the total of the lunch bill ?,Addition
29,"Jason went to the mall on Saturday to buy clothes . He spent $ 683 on shorts and $ 903 on a jacket . In total , how much money did Jason spend on clothing ?",Addition
30,"Alyssa loves eating fruits . Alyssa paid $ 37 for grapes , and $ 41 for cherries . In total , how much money did Alyssa spend ?",Addition
31,"There were originally 628 houses in Lincoln County . During a housing boom , developers built 523 . How many houses are there now in Lincoln County ?",Addition
32,"Last year , 659 people were born in a country , and 412 people immigrated to it . How many new people began living in the country last year ?",Addition
33,"To fill an order , the factory dyed 382 yards of silk green and 247 yards pink . How many yards of silk did it dye for that order ?",Addition
34,"Tori is a school janitor . Last week , she picked up a total of 574 pieces of trash . If she picked up 621 pieces of trash in the classrooms , how many pieces of trash did Tori pick up outside the classrooms ?",Subtraction
35,"Molly owns the Wafting Pie Company . This morning , her employees used 792 eggs to bake pumpkin pies . If her employees used a total of 500 eggs today , how many eggs did they use in the afternoon ?",Subtraction
36,"Students at Arcadia schools are participating in a coat drive . 258 coats have been collected so far . 119 coats were collected from the high schools , and the rest from the elementary schools . How many coats were collected at the elementary schools ?",Subtraction
37,"A company painted some houses in Hancock County white and blue using a total of 40 gallons of paint . If they used 586 gallons of white paint , how many gallons of blue paint did the company use ?",Subtraction
38,"Last year , egg producers in Douglas County produced 769 eggs . This year , those same farms produced 38 eggs . How many more eggs did the farms produce this year ?",Subtraction
39,"An oil pipe in the sea broke . Before engineers started to fix the pipe , 247 gallons of oil leaked into the water . A total of 63 gallons of oil leaked before the pipe was fixed . How many gallons of oil leaked while the engineers were fixing the pipe ?",Subtraction
40,Oscar 's bus ride to school is 132 mile and Charlie 's bus ride is 121 mile . How much longer is Oscar 's bus ride than Charlie 's ?,Subtraction
41,"Kendall is learning to drive , so this weekend she practiced driving 560 mile with her mother and another 525 mile with her father . How far did Kendall drive in all ?",Addition
42,A tailor cut 823 inch off a skirt and 282 inch off a pair of pants . How much more did the tailor cut off the skirt than the pants ?,Subtraction
43,"Ella owns 324 dogs . Each day , 271 dog eats num scoop of dog food and the other dog eats num scoop . Together , how much dog food do the num dogs eat each day ?",Addition
44,"At the beach , Miki and her sister both built sandcastles and then measured their heights . Miki 's sandcastle was 250 foot tall and her sister 's was 189 foot tall . How much taller was Miki 's sandcastle than her sister 's ?",Subtraction
45,Craig walked 385 mile from school to David 's house and 792 mile from David 's house to his own house . How many miles did Craig walk in all ?,Addition
46,Greg and Sharon own neighboring cornfields . Greg harvested 855 acre of corn on Monday and Sharon harvested 786 acre . How many more acres did Greg harvest than Sharon ?,Subtraction
47,"While making desserts for a bake sale , Victor used 466 scoop of brown sugar as well as 1000 scoop of white sugar . How much more brown sugar did Victor use ?",Subtraction
48,Kelly 's chemistry textbook weighs 510 pounds and her geometry textbook weighs 458 pound . How much more does the chemistry textbook weigh than the geometry textbook ?,Subtraction
49,Roadster 's Paving Company used 368 tons of cement to pave Lexi 's street and 207 tons of cement to pave Tess 's street . How much cement did Roadster 's Paving Company use in all ?,Addition
50,Kyle jogged 613 laps in P.E. class and 624 laps during track practice . How many laps did Kyle jog in all ?,Addition
51,"Hoping to be named Salesperson of the Month , Rosa called the names from 232 pages of the phone book last week . This week , she called the people listed on another 962 pages of the same phone book . How many pages worth of people did Rosa call in all ?",Addition
52,Irene just bought a new lamp for her bedside table . The old lamp was 546 foot tall and the new lamp is 127num feet tall . How much taller is the new lamp than the old lamp ?,Subtraction
53,Kenji and his classmates placed colored blocks on a scale during a science lab . The yellow block weighed 436 pounds and the green block weighed 329 pounds . How much more did the yellow block weigh than the green block ?,Subtraction
54,A carpenter bought a piece of wood that was 437 meters long . Then she sawed 645 meters off the end . How long is the piece of wood now ?,Subtraction
55,"Kevin bought 106 watermelons . The first watermelon was 545 pounds , and the second watermelon was num pounds . How many pounds of watermelon did Kevin buy ?",Addition
56,Brennan had 407 grams of pepper . Then he used 451 grams of the pepper to make some scrambled eggs . How much pepper does Brennan have ?,Subtraction
57,"Pamela bought 272 ounces of sugar , and she spilled 327 ounces of it on the floor . How much is ?",Subtraction
58,"Marta picked 994 pumpkins . The first pumpkin weighed 888 pounds , and the second pumpkin weighed num pounds . How much did the num pumpkins weigh all together ?",Addition
59,A truck carrying 769 pounds of sand travels to a construction yard and loses 264 pounds of sand along the way . How much sand does the truck have when it arrives at the yard ?,Subtraction
60,A carpenter bought a piece of wood that was 933 centimeters long . Then he sawed 655 centimeters off the end . How long is the piece of wood now ?,Subtraction
61,Jason found 32 seashells and 653 starfish on the beach . He gave num of the seashells to Tim . How many seashells does Jason now have ?,Subtraction
62,Mike had 813 quarters and 923 nickels in his bank . His dad borrowed num nickels from Mike . How many nickels does he have now ?,Subtraction
63,"Dan had 751 baseball cards , and 963 were torn . Sam bought num of Dan 's baseball cards . How many baseball cards does Dan have now ?",Subtraction
64,There are 827 short trees and 830 tall trees currently in the park . Park workers will plant num short trees today . How many short trees will the park have when the workers are finished ?,Addition
65,"Joan had 848 Pokemon cards , and 984 were torn . Sara bought num of Joan 's Pokemon cards . How many Pokemon cards does Joan have now ?",Subtraction
66,Sara had 611 pennies and 262 quarters in her bank . Her dad borrowed num quarters from Sara . How many quarters does she have now ?,Subtraction
67,There are 259 short bushes and 782 tall trees currently in the park . Park workers had to cut down num short bushes that were damaged . How many short bushes will the park have when the workers are finished ?,Subtraction
68,"Melanie had 750 baseball cards , and 38 were torn . Sara bought num of Melanie 's baseball cards . How many baseball cards does Melanie have now ?",Subtraction
69,"Jessica grew 368 watermelons and 302 carrots , but the rabbits ate num watermelons . How many watermelons does Jessica have ?",Subtraction
70,Nancy found 807 seashells and 522 starfish on the beach . She gave num of the seashells to Jason . How many seashells does Nancy now have ?,Subtraction
71,Joan has 550 green and 373 red marbles . Fred took num of Joan 's green marbles . How many green marbles does Joan now have ?,Subtraction
72,Sandy had 246 pennies and 873 nickels in her bank . Her dad borrowed num nickels from Sandy . How many nickels does she have now ?,Subtraction
73,"For his car , Mike spent $ 194 on speakers and $ 29 on new tires . Mike wanted num CD 's for $ num.num but decided not to . In total , how much did Mike spend on car parts ?",Addition
74,There were 236 bales of hay in the barn and 555 bales in the shed . Tom stacked bales in the barn today . There are now num bales of hay in the barn . How many bales did he store in the barn ?,Subtraction
75,There are 837 short trees and 544 tall trees currently in the park . Park workers will plant short trees today . When the workers are finished there will be num short trees in the park . How many short trees did the workers plant today ?,Subtraction
76,Joan found 898 seashells and 761 starfishes on the beach . She gave Alyssa some of her seashells . She has num seashell . How many seashells did she give to Alyssa ?,Addition
77,Tim had 436 quarters and 236 nickels in his bank . His dad gave him num nickels and num pennies . How many nickels does Tim have now ?,Addition
78,A restaurant served 219 slices of pie during lunch and 846 during dinner today . It served num of them yesterday . How many slices of pie were served today ?,Addition
79,Jason grew 711 watermelons and 99 pumpkins . Sandy grew num watermelons . How many watermelons did they grow in total ?,Addition
80,"Mike went to 479 basketball games this year , but missed 908 . He went to num games last year . How many basketball games did Mike go to in total ?",Addition
81,There are 611 maple trees and 582 orange trees currently in the park . Park workers will plant maple trees today . When the workers are finished there will be num maple trees in the park . How many maple trees did the workers plant today ?,Subtraction
82,Dan had 796 peaches and 180 pears at his roadside fruit dish . He went to the orchard and picked peaches to stock up . There are now num peaches . how many did he pick ?,Subtraction
83,Melanie has 455 books and 49 magazines in her library . She bought several books at a yard sale over the weekend . She now has num books in her library . How many books did she buy at the yard sale ?,Subtraction
84,A restaurant served 323233 hot dogs during lunch and num during dinner today . It served num of them yesterday . How many hot dogs were served today ?,Addition
85,There are 753 short trees and 551 tall trees currently in the park . Park workers will plant num short trees today . How many short trees will the park have when the workers are finished ?,Addition
86,There are 695 pencils and 108 scissors in the drawer . Joan placed num pencils in the drawer . How many pencils are now there in all ?,Addition
87,"Jordan builds a model '609 Mustang. If the model car is 347 inches long and the scale is num to num , how many inches would the real Mustang be?",Multiplication
88,"At the carnival , tickets for the rides are 804 dollars each , or you can buy an armband for 781 dollars and ride unlimited for one night. At how many rides does the armband cost the same as buying individual tickets?",Division
89,"Soft drinks are on sale at the grocery store for 989 dollars for a 713 pack. How much would each can of soft drink cost if purchased individually , in dollars?",Division
90,It took me 354 minutes to walk 147 meters. How fast was I travelling?,Division
91,A car traveled 806 kilometers in 15 hours. What was its average speed?,Division
92,"If 922 lollipops cost 600 dollars , how much does num lollipop cost , in dollars?",Division
93,"A textbook costs a bookstore 770 dollars , and the store sells it for 849 dollars. Find the amount of profit based on the selling price.",Subtraction
94,Joan found 924 seashells on the beach. she gave Sam some of her seashells. She has 626 seashell left. How many seashells did she give to Sam ?,Addition
95,"After eating at the restaurant, Sally, Sam, and Alyssa decided to divide the bill evenly. If each person paid 703882 dollars, what was the total of the bill ?",Multiplication
96,There are 13 walnut trees currently in the park. Park workers will plant more walnut trees today. When the workers are finished there will be 100 walnut trees in the park. How many walnut trees did the workers plant today ?,Subtraction
97,"Mike had 781 peaches left at his roadside fruit stand. He went to the orchard and picked more peaches to stock up the stand. There are now 961 peaches at the stand, how many did he pick ?",Subtraction
98,Joan went to 275 football games this year. She went to 42 football games last year. How many football games did Joan go to in all ?,Addition
99,Alyssa's dog had puppies. She gave 201 to her friends. She now has 698 puppies left. How many puppies did she have to start with ?,Addition
100,Sam found 170 seashells and Mary found 429 seashells on the beach. How many seashells did they find together ?,Addition
101,Keith has 157 books. Jason has 568 books. How many books do they have together ?,Addition
102,Fred grew 69 cantelopes. Tim grew 792 cantelopes. How many cantelopes did they grow in total ?,Addition
103,Mary found 375 seashells and Jessica found 230 seashells on the beach. How many seashells did they find together ?,Addition
104,There are 850 maple trees currently in the park. Park workers will plant more maple trees today. When the workers are finished there will be 832 maple trees in the park. How many maple trees did the workers plant today ?,Subtraction
105,"Dan found 804 seashells on the beach, he gave Jessica some of his seashells. He has 997 seashell left. How many seashells did he give to Jessica ?",Addition
106,"Sally had 906 peaches left at her roadside fruit stand. She went to the orchard and picked more peaches to stock up the stand. There are now 600 peaches at the stand, how many did she pick ?",Subtraction
107,"Benny received 386 dollars for his birthday. He went to a sporting goods store and bought a baseball glove, baseball, and bat. He had 721 dollars left over. How much did he spent on the baseball gear ?",Addition
108,There were 110 bales of hay in the barn. Jason stacked more bales in the barn today. There are now 844 bales of hay in the barn. How many bales did he store in the barn ?,Subtraction
109,Nancy grew 345 potatoes. Sandy grew 832 potatoes. How many potatoes did they grow in total ?,Addition
110,There are 915 oak trees currently in the park. Park workers will plant 406 more oak trees today. How many oak trees will the park have when the workers are finished ?,Addition
111,There were a total of 636 football games this year. Melanie missed 565 of the games. How many football games did Melanie go to in all ?,Subtraction
112,A restaurant served 855 cakes during lunch and 574 during dinner today. How many cakes were served today ?,Addition
113,There are 818 pencils in the drawer. Nancy placed 918 more  pencils in the drawer. How many pencils are now there in total ?,Addition
114,Benny's high school played 370 baseball games this year. He attended  106 games. How many baseball games did Benny miss ?,Subtraction
115,Mike has 23 baseball cards. Sam bought 690 of Mike's  baseball cards. How many baseball cards does Mike have now ?,Subtraction
116,There are 139 popular trees currently in the park. Park workers will plant  485 more popular trees today. How many popular trees will the park have when the workers are finished ?,Addition
117,Sam had 249 pennies in his bank. He spent 467 of his pennies. How many pennies does he have now ?,Subtraction
118,There are 538 walnut trees currently in the park. Park workers will plant  834 more walnut trees today. How many walnut trees will the park have when the workers are finished ?,Addition
119,There are 691 pencils in the drawer. Sara placed 649 more  pencils in the drawer. How many pencils are now there in all ?,Addition
120,Mike has 333 dollars in 216 dollar bills. How many five dollars bills does  he have ?,Division
121,"Nancy goes fishing with Joan. They catch 583 trout. If they equally split up the trout, how many will each one get ?",Division
122,"There are 959 students at a school. If each classroom holds 531 students, how many classrooms are needed at the school?",Division
123,"Mary earns $664 cleaning a home. How many homes did she clean, if she made 406 dollars?",Division
124,"Sam grew 483 watermelons, but the rabbits ate 803 watermelons. How many watermelons does Sam have left ?",Subtraction
125,There are 354 calories in a candy bar. How many calories are there in 835 candy bars ?,Multiplication
126,Dan has 97 blue marbles. Mary has 51 times more blue marbles than Dan. How many blue marbles does Mary have ?,Multiplication
127,"Melanie, Benny, Sally, and Jessica each have 641 baseball cards. How many baseball cards do they have in all ?",Multiplication
128,Keith grew 485 turnips. Alyssa grew 48 turnips. How many turnips did they grow in all ?,Addition
129,Joan has saved 668 quarters from washing cars. How many cents does Joan have ?,Multiplication
130,"There were a total of 891 soccer games in the season. The season is played for 188 months. How many soccer games were played each month, if each month has the same number of games?",Division
131,Tom was at the beach for 319 days and found 804 seashells every day. How many seashells did Tom find during the beach trip ?,Multiplication
132,Benny worked 479 hours for 577 days. How many hours did he work in total ?,Multiplication
133,"Jessica, Sandy, and Jason each have 144 pencils. How many pencils do they have have in all ?",Multiplication
134,Sara has saved 752 quarters from washing cars. How many cents does Sara have ?,Multiplication
135,"Benny goes to lunch with Sally and Sandy. The total bill came to 343331 dollars. They decided to equally split up the bill, how much will each person have to pay ?",Division
136,"Mike worked 236 hours, each day, for 660 days. How many hours did he work in total ?",Multiplication
137,There were a total of 186 baseball games a month. The season is played for 464 months. How many baseball games are in a season ?,Multiplication
138,There were a total of 576 soccer games this year. Jessica missed 872 of the games. How many soccer games did Jessica go to in all ?,Subtraction
139,Dan found 318 seashells but 883 were broken. How many unbroken seashells did Dan find ?,Subtraction
140,"Joan picked 693 apples from the orchard, and gave 768 apples  to  Melanie. How many apples does Joan have now ?",Subtraction
141,"Tom has 632 violet balloons, he gave Fred 879 of the balloons. How many violet balloons does he now have ?",Subtraction
142,Joan decided to sell all of her old books. She gathered up 911 books to sell. She sold 27 books in a yard sale. How many books does Joan now have ?,Subtraction
143,"Alyssa bought some toys. She bought a football for $550, and spent $387 on marbles. In total, how much did Alyssa spend on toys?",Addition
144,"Jessica spent $866 on a cat toy, and a cage cost her $632. What was the total cost of Jessica's purchases?",Addition
145,Sara got fast food for lunch. Sara spent $566 on a hotdog and $756 on a salad. What was the total of the lunch bill?,Addition
146,"Jason went to the mall on Saturday to buy clothes. He spent $693 on shorts and $343 on a jacket. In total, how much money did Jason spend on clothing?",Addition
147,"Before December, customers buy 48,77 ear muffs from the mall. During December, they buy num,num more, and there are none left. In all, how many ear muffs do the customers buy?",Addition
148,"Diane is a beekeeper. Last year, she harvested 653,861 pounds of honey. This year, she bought some new hives and increased her honey harvest by num,num pounds. How many pounds of honey did Diane harvest this year?",Addition
149,"An oil pipe in the sea broke. Before engineers started to fix the pipe, 120,94 liters of oil leaked into the water. While the engineers worked, the pipe leaked num,num more liters of oil. In all, how many liters of oil leaked into the water?",Addition
150,"Abe's family moved from the Bahamas to Japan, so they had convert their money into Japanese yen. Their checking account now has 39,46 yen and their savings account now has num,num yen. How many yen do they have?",Addition
151,"Christina just transferred $996 out of her bank account. As a result, the account now has $605,num left in it. How much money was in the account before the transfer?",Addition
152,"A dust storm sweeps across the prairie. It covers 661,234 acres of the prairie in dust, but leaves num acres untouched. How many acres does the prairie cover?",Addition
153,"Last year, 107,381 people were born in a country, and num,num people immigrated to it. How many new people began living in the country last year?",Addition
154,"A ship full of grain crashes into a coral reef. By the time the ship is fixed, 595,390 tons of grain have spilled into the water. Only num tons of grain remain onboard. How many tons of grain did the ship originally contain?",Addition
155,"Each year, salmon travel upstream, going from the ocean to the rivers where they were born. This year, 656,56 male and num,num female salmon returned to their rivers. How many salmon made the trip?",Addition
156,Mary has 821136 yellow marbles. Joan has num yellow marbles. How many yellow marbles do they have in all ?,Addition
157,"At a pie-eating contest, Erik got through 390 of a pie before time was called; Frank finished just 158 of a pie. How much more pie did Erik eat than Frank?",Subtraction
158,A tailor cut 19 of an inch off a skirt and 467 of an inch off a pair of pants. How much more did the tailor cut off the skirt than the pants?,Subtraction
159,"Ella owns two dogs. Each day, one dog eats 699 of a scoop of dog food and the other dog eats 718 of a scoop. Together, how much dog food do the two dogs eat each day?",Addition
160,Mandy made an apple pie. She used 785 of a tablespoon of cinnamon and 574 of a tablespoon of nutmeg. How much more cinnamon than nutmeg did Mandy use?,Subtraction
161,Stanley ran 743 of a mile and walked 753 of a mile. How much farther did Stanley run than walk?,Subtraction
162,Dina made cookies. She used 420 of a cup of flour and 793 of a cup of sugar. How much more flour than sugar did Dina use?,Subtraction
163,Suzie found two worms in the yard and measured them with a ruler. One worm was 435 of an inch long. The other worm was 658 of an inch long. How much longer was the longer worm?,Subtraction
164,"In Shannon's apartment complex, 131 of the apartments are one-bedroom apartments and 464 are two-bedroom apartments. What fraction of the apartments are either one- or two-bedroom apartments?",Subtraction
165,"At the beach, Miki and her sister both built sandcastles and then measured their heights. Miki's sandcastle was 111 of a foot tall and her sister's was 482 of a foot tall. How much taller was Miki's sandcastle than her sister's?",Subtraction
166,"Michelle began her pizza delivery route with 423 of a tank of gas in her car. When she made it back to the pizzeria, 722 of a tank of gas was left. How much gas did Michelle use?",Subtraction
167,Greg and Sharon own neighboring cornfields. Greg harvested 881 of an acre of corn on Monday and Sharon harvested 671 of an acre. How many more acres did Greg harvest than Sharon?,Addition
168,In Yardley it snowed 606 of an inch in the morning and 157 of an inch in the afternoon. What was the total amount of snowfall?,Addition
169,Dale's Vegetarian Restaurant bought 919 pounds of green peppers and 575 pounds of red peppers. How many pounds of peppers did Dale's Vegetarian Restaurant buy in all?,Addition
170,Kelly's chemistry textbook weighs 112 pounds and her geometry textbook weighs 561 of a pound. How much more does the chemistry textbook weigh than the geometry textbook?,Subtraction
171,Roadster's Paving Company used 137 tons of cement to pave Lexi's street and 120 tons of cement to pave Tess's street. How much cement did Roadster's Paving Company use in all?,Addition
172,"As part of a lesson on earthquakes, a science class is researching the movement of a nearby fault line. The fault line moved 829 inches during the past year and 423 inches the year before. How far did the fault line move in all?",Addition
173,"At the beach, Janet and her sister both built sandcastles and then measured their heights. Janet's sandcastle was 550 feet tall and her sister's was 456 feet tall. How much taller was Janet's sandcastle than her sister's?",Subtraction
174,"A farmer started the day with 454 buckets of seeds. After spending the morning sowing seeds, she now has 551 buckets left. How many buckets of seeds did the farmer sow?",Subtraction
175,Kelly bought 235 pounds of peanuts and 209 pounds of raisins. How many pounds of snacks did she buy in all?,Addition
176,"Ron weighed two colored metal balls during a science class. The blue ball weighed 928 pounds and the brown ball weighed 410 pounds. If Ron places both balls on the scale at the same time, what will the scale read?",Addition
177,It snowed 397 inches on Monday and 97 inches on Tuesday. How much did it snow on Monday and Tuesday combined?,Addition
178,A construction company bought 980 tons of gravel and 511 tons of sand. How many tons of material did the company buy in all?,Addition
179,It rained 723 inches on Saturday and 332 inches on Sunday. How much did it rain on Saturday and Sunday combined?,Addition
180,Tori was 42 feet tall. Then she grew 973 feet taller. How tall is Tori now?,Addition
181,How many cookies would you have if you had 883 bags of cookies with 93 cookies in each bag?,Multiplication
182,Emily collected eggs from the hen and put them into 495 baskets. She put 588 eggs into each basket. How many eggs did Emily collect?,Multiplication
183,The farmers reported that they harvest 170 sacks of apples from each of the 928 sections of the orchard daily. How many sacks are harvested every day?,Multiplication
184,"LexieÂÃÂªs mom gathered all her watercolor paintings and thought of placing an equal 205ber of paintings in 83 rooms in the house. If Lexie has num watercolor paintings, how many paintings will be placed in each room?",Division
185,"ChristianÂÃÂªs mother prepared lemonade. Every pitcher of lemonade can serve 411 glasses. If she was able to serve 70 glasses of lemonade, how many pitchers of lemonade did she prepare?",Division
186,"Allen, ShielaÂÃÂªs brother, likes to play with blocks. Shiela repainted AllenÂÃÂªs old blocks in different colors. If Allen has 981 identical blocks and there are 554 blocks for every color of paint used, how many colors did Shiela use?",Division
187,"A large bag of balls was kept under HaleyÂÃÂªs bed. Her mom placed the balls in bags for children in foster homes. If every bag can contain 203 balls and Haley has 581 balls, how many bags will be used?",Division
188,Arthur baked 464 muffins. How many more muffins does Arthur have to bake to have 615 muffins?,Subtraction
189,Lizette has 332 stamps. Lizette has 547 more stamps than Minerva. How many stamps does Minerva have?,Subtraction
190,A DVD book holds 870 DVDs. There are 4 DVDs already in the book. How many more DVDs can be put in the book?,Subtraction
191,Adam has $207 to buy an airplane that costs $672. How much change will Adam get?,Subtraction
192,"One stamp costs 506 cents. If the cost of each stamp remains the same, how much would 188 stamps cost?",Multiplication
193,Lisa rented 668 DVDs for $923. How much did each DVD cost to rent?,Division
194,"There were 969 pieces of candy in a jar. If 12 pieces were red and the rest were blue, how many were blue?",Subtraction
195,87 students were sitting at each table in the lunchroom. There are 767 tables. How many students were sitting in the lunchroom?,Multiplication
196,Tyler had 466 dogs. Each dog had 309 puppies. How many puppies does Tyler now have?,Multiplication
197,Mrs. Hilt has 298 markers. They are divided equally into 340 packages. Mrs. Hilt wants to know how many markers are in each package?,Division
198,Mrs. Hilt read 161 books. Each book had 333 chapters in it. How many chapters did Mrs. Hilt read?,Multiplication
199,Mrs. Hilt is baking bread. She needs 292 cups of flour to bake 602 loaves of bread. How much flour will she need to make one loaf of bread?,Division
200,A pet supply store has 236 bags of dog food and 230 bags of cat food. How many more bags of dog food are there than cat food?,Subtraction
201,David has 531 boxes of stuffed toy dogs. Each box has 903 dogs in it. How many dogs are there in all?,Multiplication
202,Freeport McMoran projects the world grain supply will be 890 metric tons and the supply will be only 927 of the world grain demand. What will the world grain demand be?,Division
203,A 947 ounce can of cranberry juice sells for 438 cents. What is the cost in cents per ounce.,Division
204,"If there are 94 bottle caps in a box and Linda puts 848 more bottle caps inside, how many bottle caps are in the box?",Addition
205,Bobby collects 58 blocks. Bobby's father gives Bobby 825 more. How many blocks does Bobby have?,Addition
206,"Michelle has 960 crayons. Janet has 13 crayons. If Janet gives all of her crayons to Michelle, how many crayons will Michelle have?",Addition
207,"If there are 413 eggs in a box and Daniel puts 654 more eggs inside, how many eggs are in the box?",Addition
208,Wayne collects 245 blocks. Wayne's father gives Wayne 939 more. How many blocks does Wayne have?,Addition
209,Andrew starts with 173 eggs. He buys 637 more. How many eggs does Andrew end with?,Addition
210,Angela has 591 tickets. Annie gives Angela 266 more. How many tickets does Angela have in all?,Addition
211,Joseph has 694 candies. Kathy gives Joseph 808 more. How many candies does Joseph have in all?,Addition
212,Janet has 72 apples. She finds another 510. How many apples does Janet have in all?,Addition
213,Joyce starts with 194 apples. She gives 570 to Larry. How many apples does Joyce end with?,Subtraction
214,Jane starts with 482 crayons. 955 are eaten by a hippopotamus. How many crayons does Jane end with?,Subtraction
215,Roger has 927 candies. He gives 605 to Stephanie. How many candies will Roger have?,Subtraction
216,Mildred weighs 32 pounds. Carol weighs 147 pounds. How much heavier is Mildred than Carol?,Subtraction
217,Diana starts with 810 bottle caps. 20 are eaten by a hippopotamus. How many bottle caps does Diana end with?,Subtraction
218,Bridget weighs 912630 pounds. Martha weighs num pounds. How much heavier is Bridget than Martha?,Subtraction
219,Pamela has 429 Skittles. She gives 544 to Karen. How many Skittles will Pamela have?,Subtraction
220,Evelyn starts with 745 Skittles. She shares 909 with Christine. How many Skittles does Evelyn end with?,Subtraction
221,Helen starts with 670 cards. Gary takes 526 away. How many cards does Helen end with?,Subtraction
222,Roger has 853 blocks. 749 are eaten by a hippopotamus. How many blocks will Roger have?,Subtraction
223,Ralph starts with 136 peanuts. He loses 641. How many peanuts does Ralph end with?,Subtraction
224,Sean has 40 blocks. 137 are eaten by a hippopotamus. How many blocks will Sean have?,Subtraction
225,Jennifer starts with 27 apples. She finds another 674. How many apples does Jennifer end with?,Addition
226,Each bottle cap costs $847. How much do 646 bottle caps cost?,Multiplication
227,"Each child has 527 bottle caps. If there are 506 children, how many bottle caps are there in total?",Multiplication
228,Sarah has 266 boxes of apples. Each box holds 261 apples. How many apples does Sarah have?,Multiplication
229,Martin has 982 boxes of crayons. Each box holds 850 crayons. How many crayons does Martin have?,Multiplication
230,Kimberly went to the store 839 times last month. She buys 610 peanuts each time she goes to the store. How many peanuts did Kimberly buy last month?,Multiplication
231,The school is planning a field trip. There are 631 students and 473 seats on each school bus. How many buses are needed to take the trip?,Division
232,The school is planning a field trip. There are 826 students and 185 seats on each school bus. How many buses are needed to take the trip?,Division
233,"Peter has 83 candies stored in boxes. If there are 618 boxes, how many candies must go in each box?",Division
234,Harry is inviting 108 friends to a party. He has 97 cookies. How many cookies will each friend get?,Division
235,"There are 363 candies in Kathy's candy collection. If the candies are organized into 122 groups, how big is each group?",Division
236,The school is planning a field trip. There are 749 students and 440 seats on each school bus. How many buses are needed to take the trip?,Division
237,"Albert has 411 oranges stored in boxes. If there are 201 boxes, how many oranges must go in each box?",Division
238,"Lori has 437 marbles. If she shares them among 184 friends, how many marbles does each friend get?",Division
239,Brenda wants to split a collection of erasers into groups of 476. Brenda has 520 erasers. How many groups will be created?,Division
240,"Ashley sold 161 boxes of Samoas. How many cases of 73 boxes, plus extra boxes does Ashley need?",Division
241,"If Karen sold 231 boxes of Tagalongs, how many cases of 397 boxes does Karen pickup from the cookie mom?",Division
242,"If Madison sold 81 boxes of Tagalongs, how many cases of 788 boxes does Madison pickup from the cookie mom?",Division
243,"If Harold split 144 apples between 11 people in her class and kept the left overs, how many apples did each classmate get?",Division
244,Lemon heads come in packages of 319. Louis ate 276 Lemon Heads. How many whole boxes did he eat and how many Lemon Heads does he have left?,Division
245,Lemon heads come in packages of 472. Louis ate 733 Lemon Heads. How many whole boxes did he eat and how many Lemon Heads does he have left?,Division
246,Marilyn starts with 298 bottle caps. She shares 671 with Nancy. How many bottle caps does Marilyn end with?,Subtraction
247,William has 791 bottle caps. He buys 154 more. How many bottle caps does William have in all?,Addition
248,Carol starts with 424 blocks. She loses 206. How many blocks does Carol end with?,Subtraction
249,There are 951 bananas in a pile on the desk. Each banana comes in a package of 615num. num bananas are added to the pile. How many bananas are there in the pile?,Addition
250,"Kimberly has 382 Skittles. She buys 272 more. Later, Kimberly buys num oranges at the store. How many Skittles does Kimberly have in all?",Addition
251,"Annie has 669 apples. She gets 603 more from Nathan. Later, Annie buys num crayons at the store. How many apples does Annie have in all?",Addition
252,"Joyce has 8 eggs. Marie gives Joyce 535 more. Later, Joyce buys num erasers at the store. How many eggs does Joyce have in all?",Addition
253,There are 221 bananas in a pile on the desk. Each banana comes in a package of 909. num bananas are added to the pile. How many bananas are there in the pile?,Addition
254,Arthur has 879 cards. Aaron has with 344 cards. Aaron finds another num. How many cards does Aaron end with?,Addition
255,Carolyn starts with 261 marbles and 778 oranges. She shares num with Diana. How many marbles does Carolyn end with?,Subtraction
256,Bruce has 601 eggs. Kimberly has 369 eggs. He loses num. How many eggs will Bruce have?,Subtraction
257,Craig has 848 apples. Judy has 955 apples. He shares num with Eugene. How many apples will Craig have?,Subtraction
258,Gloria has 379 boxes of tickets. Each box holds 253 tickets and there are num boxes in a case. How many tickets does Gloria have?,Multiplication
259,Jacqueline has 538 boxes of erasers. Each box holds 829 erasers and there are num boxes in a case. How many erasers does Jacqueline have?,Multiplication
260,"Ruby has 450 candies and 744 bananas. If she shares the candies among num friends, how many candies does each friend get?",Division
261,"Scott has 713 oranges that must be put away in boxes. Terry comes to help and brings 158 cookies to share with Scott. If there are num boxes, how many oranges must go in each box?",Division
262,"Joyce has 431 bananas that must be put away in boxes. Fred comes to help and brings 350 cookies to share with Joyce. If there are num boxes, how many bananas must go in each box?",Division
263,"Ernest has 367 bananas that must be put away in boxes. Julie comes to help and brings 110 cookies to share with Ernest. If there are num boxes, how many bananas must go in each box?",Division
264,It took Amanda 885 hours to stroll to Kimberly's house at 189 miles per hour. How far is it between Amanda's house and Kimberly's house?,Multiplication
265,It took Amanda 966563 hours to stroll to Kimberly's house at num miles per hour. How far is it between Amanda's house and Kimberly's house?,Multiplication
266,Jose strolled to Jane's house. It is 219 miles from Jose's house to Jane's house. It took Jose 439 hours to get there. How fast did Jose go?,Division
267,Patrick jogged to Aaron's house. It is 747497 miles from Patrick's house to Aaron's house. It took Patrick num hours to get there. How fast did Patrick go?,Division
268,Christine wandered 59 miles at 676 miles per hour. How long did Christine wander?,Division
269,"If Benjamin skated 487 kilometers at 444 kilometers per hour, how long was Benjamin skating?",Division
270,"If Lawrence walked 41 kilometers at 449 kilometers per hour, how long was Lawrence walking?",Subtraction
271,A bee has 378710 legs. How many legs do num bees have?,Multiplication
272,Mrs. Hilt bought a yoyo for 650 cents and a whistle for 403 cents. How much did she spend in all for the two toys?,Addition
273,Mrs. Hilt reads 211341 books a day. How many books does she read in num days?,Multiplication
274,Mrs. Hilt had 183 cents. She bought a pencil for 581 cents. How much money did she have left?,Subtraction
275,"ShelbyÂÃÂªs teacher gives out gold stars for great math work. Yesterday, Shelby earned 340 gold stars. Today, she earned 455 more. How many gold  stars did Shelby earn in all?",Addition
276,"CarsonÂÃÂªs teacher gives out gold stars for great math work. Yesterday, Carson earned 979 gold stars. Today, he earned 564 more. How many gold  stars did Carson earn in all?",Addition
277,Linda has 674 candies. Chloe has 565. How many candies do they have in all?,Addition
278,"Last Saturday, Marie sold 528 magazines and 499 newspapers. What is the total number of reading materials she sold?",Addition
279,289 boys went down the slide. 419 more boys went down the slide. How many boys went down the slide?,Addition
280,798 ducks are swimming in a lake. 403 more ducks come to join them. How many ducks are swimming in the lake?,Addition
281,Mrs. Snyder made 726 heart cookies. She made 31 red cookies and the rest are pink. How many pink cookies did she make?,Subtraction
282,550 birds were sitting in a tree. 923 more birds flew up to the tree. How many birds were there altogether in the tree?,Addition
283,Robin had 26 pieces of gum. Her brother gave her some more pieces. Now Robin has 484 pieces in all. How many pieces of gum did Robin's  brother give her?,Subtraction
284,"Jane has 827 old, brown sheets of drawing paper and 537 old, yellow sheets of drawing paper. How many pieces of drawing paper does she  have?",Addition
285,Marcus has 207 baseball cards. He has 525 more than Carter. How many baseball cards does Carter have?,Subtraction
286,Ethan has 819 presents. Alissa has 622 more than Ethan. How many presents does Alissa have?,Addition
287,"Sarah had some trucks. She gave 959 to Jeff, and now she has 652 trucks left. How many trucks did Sarah have to start with?",Addition
288,Each CD rack holds 550 CDs. A shelf can hold 517 racks. How many total CDs can fit on the shelf?,Multiplication
289,Sean has 919 whistles. He has 533 more whistles that Charles. How many whistles does Charles have?,Subtraction
290,Connie has 170 marbles. Juan has 223 more marbles than Connie. How many marbles does Juan have?,Addition
291,Megan has 376 seashells. How many more seashells does she need to find to have 9 seashells in her collection?,Subtraction
292,Mrs. Hilt bought an ice cream cone for 67459 cents. How much would num ice cream cones cost?,Multiplication
293,Mrs. Hilt and her sister drove to a concert 939 miles away. They drove 285 miles and then stopped for gas. Her sister put num gallons of gas in the  car. How many miles did they have left to drive?,Subtraction
294,Kate has 522 pennies. John has 324 pennies. How many more pennies does John have?,Subtraction
295,There were 490 boys and 475 girls on the playground at recess. How many children were on the playground at recess?,Addition
296,There were 420 geese and 807 ducks in the marsh. How many birds were in the marsh?,Addition
297,Gary had 899 dollars. He spent 754 dollars on a pet snake. How many dollars did Gary have left?,Subtraction
298,The Ferris wheel in Paradise Park has 252 seats. Each seat can hold 327 people. How many people can ride the Ferris wheel at the same time?,Multiplication
299,There are 655 baskets. There are 94 apples in each basket. How many apples are there in all?,Multiplication
300,Beth has 842 packs of crayons. Each pack has 683 crayons in it. She also has num extra crayons. How many crayons does Beth have altogether?,Multiplication
301,Ted has 499 candy bars. He wants to put them into 111 bags so there are the same number of candy bars in each bag. How many candy bars  should go in each bag?,Division
302,My car gets 80 miles per gallon. How many miles can I drive on 613 gallons of gas?,Multiplication
303,Robin has 951 packages of gum. There are 18 pieces in each package. How many pieces of gum does Robin have?,Multiplication
304,"There are 878 stickers on a page. If you have 986 pages of stickers, how many stickers do you have?",Multiplication
305,Megan had 3 markers. Robert gave her 30 more markers. How many markers does Megan have altogether?,Addition
306,A DVD book holds 824 DVDs. There are 29 DVDs already in the book. How many more DVDs can be put in the book?,Subtraction
307,Iesha has 558 books. 973 are about school and the rest are about sports. How many books about sports does Iesha have?,Subtraction
308,Sean has 214 whistles. He has 413 more whistles that Charles. How many whistles does Charles have?,Subtraction
309,Adam has $335 to buy an airplane that costs $473. How much change will he get?,Subtraction
310,The Sumata family took a 627-day vacation by car. Each day they drove 970num miles. How many total miles did they drive?,Multiplication
311,The town of Milburg has 663 grown-ups and 435 children. How many people live in Milburg?,Addition
312,"There were 261 pieces of candy in a jar. If 921 pieces were red and the rest were blue, how many were blue?",Subtraction
313,497 students were sitting at each table in the lunchroom. There are 250 tables. How many students were sitting in the lunchroom?,Multiplication
314,Mrs. Hilt read 121 books. Each book had 507 chapters in it. How many chapters did Mrs. Hilt read?,Multiplication
315,Brett drove 28 miles every hour. How many miles would he drive in 237 hours?,Multiplication
316,"BrianÂÃÂªs car gets 17930 miles per gallon. On his last trip, he used num gallons of gas. How many miles did he travel on his last trip?",Multiplication
317,A chocolate chip cookie recipe calls for 114 cups of chocolate chips. You want to make 968 recipes for a bake sale. How many cups of chocolate  chips will be needed to make all the cookie recipes?,Multiplication
318,"233888 people are going to the zoo, and there are num buses to take people. How many will go in each bus if the same number go in each one and  all of the people go to the zoo?",Division
319,"My dog had some bones. Then, he dug up 332 bones. Now he has 126 bones. How many bones did he start with?",Subtraction
320,Cody is 799 years old. His grandmother is 633 times as old as he is. How old is CodyÂÃÂªs grandmother?,Multiplication
321,"Mrs. Hilt impressed 972 fans at the basketball game on Friday. If the fans were seated in equal groups on 750 sets of bleachers, how many  fans were on each set?",Division
322,John walks 362 miles to school and Nina walks 778 miles to school. How much farther does John walk than Nina?,Subtraction
323,One pencil weighs 642 grams. How much do 67 pencils weigh?,Multiplication
324,An ice skating rink charges 612 dollars for admission and 804 dollars to rent skates. Jill can purchase a new pair of skates for num dollars. How many times would she need to go the rink to justify buying the skates rather than renting a pair?,Division
325,"The tallest player on the basketball team is 280 inches tall. This is 997 inches taller than the shortest player. How tall is the shortest player , in inches?",Subtraction
326,Freeport McMoran projects that in 677 the world grain supply will be 92 metric tons and the supply will be only num of the world grain demand. What will the world grain demand be in num?,Division
327,"Soft drinks are on sale at the grocery store for 787 dollars for a 145 pack. How much would each can of soft drink cost if purchased individually , in dollars?",Division
328,Angela has 784 bottle caps. She gives 792 to Bruce. How many bottle caps will Angela have ?,Subtraction
329,There are 433 blocks in a box. Joyce takes 362 blocks. How many are left ?,Subtraction
330,There are 203 marbles in a box. Susan takes 718 marbles. How many are left ?,Subtraction
331,"Steve gives $801 to Russell. If Steve started with $905, how much money does he have left ?",Subtraction
332,"After buying some oranges for $578, Gloria has $534 left. How much money did Gloria have to begin with ?",Addition
333,Michelle has $811 and Katherine has $161. How much more does Michelle have than Katherine ?,Subtraction
334,Norma has $655 and Kevin has $238. How much more does Norma have than Kevin ?,Subtraction
335,"After buying some bottle caps for $773, Diana has $255 left. How much money did Diana have to begin with ?",Addition
336,Jennifer starts with 640 pencils. She gives 9 to Ruth. How many pencils does Jennifer end with ?,Subtraction
337,Judith weighs 277 pounds. Rebecca weighs 125 pounds. How much heavier is Judith than Rebecca ?,Subtraction
338,Russell weighs 487 pounds. Louise weighs 598 pounds. How much heavier is Russell than Louise ?,Subtraction
339,There are 514 oranges in a box. Ryan takes 470 oranges. How many are left ?,Subtraction
340,Doris has 799 eggs. She shares 792 with Brenda. How many eggs will Doris have ?,Subtraction
341,Sean removes 742 bottle caps from a jar. There were originally 233 bottle caps in the jar. How many bottle caps are left in the jar ?,Subtraction
342,"Each child has 556 cards. If there are 802 children, how many cards are there in total ?",Multiplication
343,Shawn has 828 boxes of crayons. Each box holds 735num crayons. How many crayons does Shawn have ?,Multiplication
344,Each egg costs $408. How much do 63 eggs cost ?,Multiplication
345,Chris went to the store 160 times last month. He buys 11 bottle caps each time he goes to the store. How many bottle caps did Chris buy last month ?,Multiplication
346,Paul weighs 792 pounds. Diana weighs 905 pounds. How much heavier is Paul than Diana ?,Subtraction
347,Tammy starts with 805 candies. She gives 858 to Matthew. How many candies does Tammy end with ?,Subtraction
348,Jane removes 802 crayons from a jar. There were originally 705 crayons in the jar. How many crayons are left in the jar ?,Subtraction
349,Patricia has 47 candies. She loses 968. How many candies will Patricia have ?,Subtraction
350,There are 555 tickets in a box. Christina takes 244 tickets. How many are left ?,Subtraction
351,Ruth starts with 148 bananas. She loses 164. How many bananas does Ruth end with ?,Subtraction
352,Ashley removes 365 apples from a jar. There were originally 934 apples in the jar. How many apples are left in the jar ?,Subtraction
353,Amanda removes 546 peanuts from a jar. There were originally 914 peanuts in the jar. How many peanuts are left in the jar ?,Subtraction
354,Alice removes 139 peanuts from a jar. There were originally 511 peanuts in the jar. How many peanuts are left in the jar ?,Subtraction
355,Dorothy has 349 tickets. She finds another 54. How many tickets does Dorothy have in all ?,Addition
356,Scott has 314 peanuts. He finds another 204. How many peanuts does Scott have in all ?,Addition
357,"If there are 960 oranges in a box and Rebecca puts 961 more oranges inside, how many oranges are in the box ?",Addition
358,"Lillian has 248 pencils. Elizabeth has 339 pencils. If Elizabeth gives all of her pencils to Lillian, how many pencils will Lillian have ?",Addition
359,Each card costs $455.922. How much do num cards cost ?,Multiplication
360,George has 202 boxes of cards. Each box holds 787 cards. How many cards does George have ?,Multiplication
361,Jessica has 808 boxes of pencils. Each box holds 973 pencils. How many pencils does Jessica have ?,Multiplication
362,Kenneth went to the store 853 times last month. He buys 553 oranges each time he goes to the store. How many oranges did Kenneth buy last month ?,Multiplication
363,Susan has 220 boxes of erasers. Each box holds 365 erasers. How many erasers does Susan have ?,Multiplication
364,Beverly has 818 boxes of bananas. Each box holds 509 bananas. How many bananas does Beverly have ?,Multiplication
365,Stephen has 750 bottle caps. He finds another 310. How many bottle caps does Stephen have in all ?,Addition
366,Kathleen starts with 7 marbles. Jean gives Kathleen 638 more. How many marbles does Kathleen end with ?,Addition
367,"If there are 592 Skittles in a box and Cheryl puts 275 more Skittles inside, how many Skittles are in the box ?",Addition
368,Sandra starts with 916 erasers. She gets 189 more from Martha. How many erasers does Sandra end with ?,Addition
369,There are 589 bananas. 193 bananas more are added. How many are there total ?,Addition
370,Earl has 108 apples. Roger gives Earl 565 more. How many apples does Earl have in all ?,Addition
371,"Marvin has 467 eggs. Jacqueline has 384 eggs. If Jacqueline gives all of her eggs to Marvin, how many eggs will Marvin have ?",Addition
372,"Dorothy has 140 bananas. Gloria has 257 bananas. If Gloria gives all of her bananas to Dorothy, how many bananas will Dorothy have ?",Addition
373,Gerald collects 585 candies. Gerald's father gives Gerald 551 more. How many candies does Gerald have ?,Addition
374,There are 268 oranges. 180 oranges more are added. How many are there total ?,Addition
375,There are 610 crayons in a box. James takes 145 crayons. How many are left ?,Subtraction
376,Brenda removes 514 peanuts from a jar. There were originally 266 peanuts in the jar. How many peanuts are left in the jar ?,Subtraction
377,"Janet gives $399 to Carlos. If Janet started with $725, how much money does she have left ?",Subtraction
378,Amanda has $638 and Emily has $219. How much more does Amanda have than Emily ?,Subtraction
379,"Jennifer gives $223 to Joshua. If Jennifer started with $803, how much money does she have left ?",Subtraction
380,Jacqueline has $112 and Shirley has $975. How much more does Jacqueline have than Shirley ?,Subtraction
381,Lori has $824 and Wanda has $708. How much money do they have together ?,Addition
382,Julie starts with $362 and spends $138 on bottle caps. How much money does Julie have left ?,Subtraction
383,Carolyn has $96 and Scott has $537. How much money do they have together ?,Addition
384,Albert has $633 and Amanda has $707. How much money do they have together ?,Addition
385,Lawrence has $764 and Benjamin has $339. How much money do they have together ?,Addition
386,Sandra has $426 and Kimberly has $786. How much more does Sandra have than Kimberly ?,Subtraction
387,"Henry gives $800 to Raymond. If Henry started with $996, how much money does he have left ?",Subtraction
388,Ernest has $422 and Aaron has $338. How much money do they have together ?,Addition
389,Robert has $382 and Paul has $564. How much money do they have together ?,Addition
390,There are 967 bottle caps in each box. How many bottle caps are in 602 boxes ?,Multiplication
391,Each bottle cap costs $982. How much do 147 bottle caps cost ?,Multiplication
392,Each peanut costs $26. How much do 325 peanuts cost ?,Multiplication
393,Each sticker costs $912. How much do 704 stickers cost ?,Multiplication
394,"Each child has 268 eggs. If there are 224 children, how many eggs are there in total ?",Multiplication
395,Marvin has 621 boxes of Skittles. Each box holds 781 Skittles. How many Skittles does Marvin have ?,Multiplication
396,There are 722 oranges in each box. How many oranges are in 957 boxes ?,Multiplication
397,Each banana costs $588. How much do 441 bananas cost ?,Multiplication
398,Each crayon costs $367. How much do 537 crayons cost ?,Multiplication
399,Maria collects 595 Skittles. Maria's father gives Maria 363 more. How many Skittles does Maria have ?,Addition
400,"Gloria has 192 cards. Irene has 398 cards. If Irene gives all of her cards to Gloria, how many cards will Gloria have ?",Addition
401,There are 263 bottle caps. 879 bottle caps more are added. How many are there total ?,Addition
402,Todd has 510 Skittles. He buys 475 more. How many Skittles does Todd have in all ?,Addition
403,"If there are 473 bottle caps in a box and Katherine puts 904 more bottle caps inside, how many bottle caps are in the box ?",Addition
404,Christina starts with 728 stickers. She buys 383 more. How many stickers does Christina end with ?,Addition
405,Walter starts with 416 Skittles. He gets 578 more from Kevin. How many Skittles does Walter end with ?,Addition
406,There are 171 bottle caps. 334 bottle caps more are added. How many are there total ?,Addition
407,Ruth went to the store 345 times last month. She buys 655 apples each time she goes to the store. How many apples did Ruth buy last month ?,Multiplication
408,Jerry went to the store 983 times last month. He buys 655 bananas each time he goes to the store. How many bananas did Jerry buy last month ?,Multiplication
409,Henry went to the store 771 times last month. He buys 632 eggs each time he goes to the store. How many eggs did Henry buy last month ?,Multiplication
410,Doris has 913 boxes of tickets. Each box holds 688 tickets. How many tickets does Doris have ?,Multiplication
411,Each crayon costs $632. How much do 901 crayons cost ?,Multiplication
412,Diane removes 995 eggs from a jar. There were originally 16 eggs in the jar. How many eggs are left in the jar ?,Subtraction
413,Roger starts with 434 bananas. 546 are eaten by a hippopotamus. How many bananas does Roger end with ?,Subtraction
414,Norma weighs 373 pounds. Brandon weighs 428 pounds. How much heavier is Norma than Brandon ?,Subtraction
415,Mark removes 1000 pencils from a jar. There were originally 572 pencils in the jar. How many pencils are left in the jar ?,Subtraction
416,Anna removes 597 peanuts from a jar. There were originally 786 peanuts in the jar. How many peanuts are left in the jar ?,Subtraction
417,Sandra has 995 peanuts. She shares 236 with Clarence. How many peanuts will Sandra have ?,Subtraction
418,Wanda weighs 548 pounds. Jason weighs 562 pounds. How much heavier is Wanda than Jason ?,Subtraction
419,Eric starts with $874 and spends $387 on candies. How much money does Eric have left ?,Subtraction
420,Todd has $704 and Marie has $872. How much money do they have together ?,Addition
421,"After buying some pencils for $631, Earl has $649 left. How much money did Earl have to begin with ?",Addition
422,"After buying some stickers for $628, Jason has $893 left. How much money did Jason have to begin with ?",Addition
423,Jonathan has $743 and Jeremy has $103. How much money do they have together ?,Addition
424,Heather has $815 and Judy has $311. How much money do they have together ?,Addition
425,"After buying some peanuts for $892, Lisa has $182 left. How much money did Lisa have to begin with ?",Addition
426,"After buying some bottle caps for $951, Shirley has $162 left. How much money did Shirley have to begin with ?",Addition
427,Russell has $626 and Kenneth has $493. How much money do they have together ?,Addition
428,Virginia has $78 and Walter has $92. How much money do they have together ?,Addition
429,George has $553 and Ryan has $418. How much more does George have than Ryan ?,Subtraction
430,Martin has $828 and Barbara has $396. How much money do they have together ?,Addition
431,Cheryl has $589 and Janet has $127. How much money do they have together ?,Addition
432,"Barbara gives $799 to Kathy. If Barbara started with $712, how much money does she have left ?",Subtraction
433,"After buying some erasers for $976, Tammy has $244 left. How much money did Tammy have to begin with ?",Addition
434,"After buying some pencils for $49, William has $875 left. How much money did William have to begin with ?",Addition
435,Andrew has $725 and Betty has $926. How much more does Andrew have than Betty ?,Subtraction
436,Carolyn has $507 and Jean has $917. How much money do they have together ?,Addition
